,Place_Id,Place_Name,image
0,1,Monumen Nasional,https://upload.wikimedia.org/wikipedia/en/thumb/a/a2/Jakarta_Indonesia_National-Monument-02.jpg/1200px-Jakarta_Indonesia_National-Monument-02.jpg
1,2,Kota Tua,https://upload.wikimedia.org/wikipedia/commons/b/be/Kota-tua-jakarta_waktu_malam.jpg
2,3,Dunia Fantasi,https://upload.wikimedia.org/wikipedia/commons/0/02/Dunia_Fantasi_Ancol.JPG
3,4,Taman Mini Indonesia Indah (TMII),https://image.kkday.com/v2/image/get/w_960%2Cc_fit%2Cq_55%2Ct_webp/s1.kkday.com/product_151728/20230908092726_NpYyH/png
4,5,Atlantis Water Adventure,https://dynamic-media-cdn.tripadvisor.com/media/photo-o/0a/d7/39/46/one-of-the-children-pools.jpg?w=1200&h=-1&s=1
5,6,Taman Impian Jaya Ancol,https://lookaside.fbsbx.com/lookaside/crawler/media/?media_id=596904629148003
6,7,Kebun Binatang Ragunan,https://www.shutterstock.com/shutterstock/photos/2004243221/display_1500/stock-photo-kebun-binatang-ragunan-jakarta-indonesia-pelicans-in-the-zoo-during-the-day-2004243221.jpg
7,8,Ocean Ecopark,https://dynamic-media-cdn.tripadvisor.com/media/photo-o/04/60/a4/15/ocean-ecopark-ancol.jpg?w=200&h=-1&s=1
8,9,Pelabuhan Marina,https://asset.kompas.com/crops/AURervtnQldwSLiR2C8kBDNixIo=/93x0:600x338/750x500/data/photo/2023/01/28/63d4d5b0e735d.jpeg
9,10,Pulau Tidung,https://dynamic-media-cdn.tripadvisor.com/media/photo-o/17/d0/46/4a/pulau-tidung.jpg?w=1200&h=-1&s=1
10,11,Pulau Bidadari,https://dynamic-media-cdn.tripadvisor.com/media/photo-o/04/7c/47/c4/pulau-bidadari-resort.jpg?w=700&h=-1&s=1
11,12,Pulau Pari,https://dynamic-media-cdn.tripadvisor.com/media/photo-o/07/95/0b/9f/pulau-macan-tiger-islands.jpg?w=300&h=-1&s=1
12,13,Pulau Pramuka,https://i.ytimg.com/vi/qbMYPCKqtSI/maxresdefault.jpg
13,14,Pulau Pelangi,https://dynamic-media-cdn.tripadvisor.com/media/photo-o/05/97/21/c2/pelangi-island-resort.jpg?w=700&h=-1&s=1
14,15,Pasar Seni,https://www.tripsavvy.com/thmb/LvYug1H1_WBivbDEnHV_Y-s7PAM=/1500x0/filters:no_upscale():max_bytes(150000):strip_icc()/centralMarket-59c387f768e1a200144eca95.jpg
15,16,Jembatan Kota Intan,https://upload.wikimedia.org/wikipedia/commons/thumb/4/45/Jembatan_Kota_Intan_2017-08-22_%2813%29.jpg/1200px-Jembatan_Kota_Intan_2017-08-22_%2813%29.jpg
16,17,Museum Fatahillah,https://upload.wikimedia.org/wikipedia/commons/thumb/1/10/Jakarta_Indonesia_Jakarta-History-Museum-02.jpg/300px-Jakarta_Indonesia_Jakarta-History-Museum-02.jpg
17,18,Museum Bank Indonesia,https://upload.wikimedia.org/wikipedia/commons/thumb/d/d6/Jakarta_Indonesia_Museum-Bank-Indonesia-02.jpg/1200px-Jakarta_Indonesia_Museum-Bank-Indonesia-02.jpg
18,19,Kidzania,https://www.wipo.int/export/sites/www/wipo_magazine/images/en/2019/2019_05_art_4_1_845.jpg
19,20,Museum Taman Prasasti,https://upload.wikimedia.org/wikipedia/commons/thumb/7/75/Tamanprasasti.jpg/150px-Tamanprasasti.jpg
20,21,Museum Wayang,https://upload.wikimedia.org/wikipedia/commons/thumb/b/bc/Museum_Wayang.jpg/1200px-Museum_Wayang.jpg
21,22,Masjid Istiqlal,https://images.squarespace-cdn.com/content/v1/60f899eff725173714599865/30b4092d-e9a0-47c8-98bc-a2fdf19cbdd7/LOGO+MASJID+ISTIQLAL+HOUSTON-+fullcolor+on+white+%282%29.jpg
22,23,Gereja Katedral,https://upload.wikimedia.org/wikipedia/commons/thumb/1/1c/Jakarta_Cathedral_Afternoon.JPG/220px-Jakarta_Cathedral_Afternoon.JPG
23,24,Museum Nasional,https://upload.wikimedia.org/wikipedia/commons/thumb/4/45/Museum_Nasional_Indonesia.jpg/640px-Museum_Nasional_Indonesia.jpg
24,25,Pasar Tanah Abang,https://images.bisnis.com/posts/2023/09/23/1697843/pedagang_pakaian_di_tanah_abang_1694430715.jpg
25,26,Pecinan Glodok,https://upload.wikimedia.org/wikipedia/commons/thumb/f/fb/Gateway_to_Glodok_Chinatown%2C_Jakarta.jpg/1200px-Gateway_to_Glodok_Chinatown%2C_Jakarta.jpg
26,27,Sea World,https://seaworld.com/orlando/-/media/seaworld-orlando/images/rides/pipeline/357x229-swo-2023-coasters-pipeline.ashx?version=1_202306072725&mw=357&mh=229&as=0&hash=3D8656BB3FF98A9F48FC4FCB5DAFF2DA0CDC07B1
27,28,Wisata Agro Edukatif Istana Susu Cibugary,https://blog.pigijo.com/wp-content/uploads/2022/07/Istana-susu-Cibugary.jpg
28,29,Wisata Kuliner Pecenongan,https://gallery.poskota.co.id/storage/Foto/IMG_20231227_172817.jpg
29,30,Taman Menteng,https://upload.wikimedia.org/wikipedia/commons/thumb/c/cd/Taman_Menteng.jpg/640px-Taman_Menteng.jpg
30,31,Wisata Alam Mangrove Angke,https://cdn.antaranews.com/cache/1200x800/2022/12/01/WhatsApp-Image-2022-11-29-at-4.14.35-PM.jpeg
31,32,Setu Babakan,https://upload.wikimedia.org/wikipedia/commons/thumb/2/25/Setu_Babakan.jpg/1200px-Setu_Babakan.jpg
32,33,Taman Suropati,https://dynamic-media-cdn.tripadvisor.com/media/photo-o/16/2a/37/82/photo5jpg.jpg?w=1200&h=1200&s=1
33,34,Pasar Taman Puring,https://dynamic-media-cdn.tripadvisor.com/media/photo-o/0f/e4/d8/58/img-20170715-wa0009-largejpg.jpg?w=1200&h=1200&s=1
34,35,Grand Indonesia Mall,https://upload.wikimedia.org/wikipedia/commons/thumb/d/d7/Grand_Indonesia_Mall.jpg/1200px-Grand_Indonesia_Mall.jpg
35,36,Skyrink - Mall Taman Anggrek,http://www.taman-anggrek-mall.com/public/uploads/2015/07/Sky%20Rink_poster.jpg
36,37,Bumi Perkemahan Cibubur,https://fastly.4sqi.net/img/general/600x600/17388142_HVjA1wHkB1kFFL-lwP8TSrLabvycEVyy8dJsJdmoHOw.jpg
37,38,Istana Negara Republik Indonesia,https://dprd-indramayukab.go.id/wp-content/uploads/2023/06/istpres.jpg
38,39,Museum Macan (Modern and Contemporary Art in Nusantara),https://img.jakpost.net/c/2018/08/17/2018_08_17_51730_1534513536._large.jpg
39,40,Galeri Nasional Indonesia,https://culture360.asef.org/media/2011/7/Galeri_Nasional_Indonesia.jpeg
40,41,Museum Bahari Jakarta,https://live.staticflickr.com/5251/5562079481_4ce5e9e2c6_b.jpg
41,42,Museum Seni Rupa dan Kramik,https://upload.wikimedia.org/wikipedia/commons/e/e3/Batavia_Kota_Tua_-_Museum_of_Fine_Arts.jpg
42,43,The Escape Hunt,https://dynamic-media-cdn.tripadvisor.com/media/photo-o/07/16/d8/d7/the-escape-hunt-experience.jpg?w=1200&h=-1&s=1
43,44,Monumen Selamat Datang,https://upload.wikimedia.org/wikipedia/commons/5/5b/Monumen_dan_bundaran_Jakarta.jpg
44,45,Jakarta Aquarium dan Safari,https://s-light.tiket.photos/t/01E25EBZS3W0FY9GTG6C42E1SE/rsfit19201280gsm/events/2021/12/08/d408eb52-5459-41b7-b136-455bf66b4874-1638949824913-fb6a74fe056f99f3d4c0ecd9cb50a2e4.jpg
45,46,Pulau Semak Daun,https://pulauseribu.co.id/wp-content/uploads/Pesona-Pulau-Semak-Daun-Kepulauan-Seribu.jpg
46,47,Taman Situ Lembang,https://asset.kompas.com/crops/hG0Um8KrQbXafmvEM_i8JXv5kZw=/0x41:1000x707/750x500/data/photo/2023/05/10/645b683a85769.jpg
47,48,Taman Ismail Marzuki,https://upload.wikimedia.org/wikipedia/commons/9/92/Gedung_Ali_Sadikin_Taman_Ismail_Marzuki.jpg
48,49,Galeri Indonesia Kaya,https://indonesiakaya.com/wp-content/uploads/2023/07/Galeri-Indonesia-Kaya.webp
49,50,Museum Joang 45,https://dynamic-media-cdn.tripadvisor.com/media/photo-o/09/d4/5d/13/gedung-joang-45.jpg?w=1200&h=1200&s=1
50,51,Jakarta Planetarium,https://upload.wikimedia.org/wikipedia/commons/thumb/1/1e/Jakarta_Planetarium.JPG/1200px-Jakarta_Planetarium.JPG
51,52,Kampung Cina,https://media-cdn.tripadvisor.com/media/photo-s/0a/4d/88/5b/img-20160209-082604-largejpg.jpg
52,53,Rumah Sipitung,https://upload.wikimedia.org/wikipedia/commons/8/8b/Balaksuji_rumah_si_pitung.jpg
53,54,Taman Agrowisata Cilangkap,https://indonesiakaya.com/wp-content/uploads/2020/10/taman_agro_cilangkap_1200.jpg
54,55,Klenteng Jin De Yuan,https://upload.wikimedia.org/wikipedia/commons/7/7a/Jin_De_Yuan_Front_Worship.jpg
55,56,Pantai Ancol,https://awsimages.detik.net.id/community/media/visual/2023/03/24/asyik-ngabuburit-di-ancol-selama-ramadan-gratis-lho-1_169.jpeg?w=600&q=90
56,57,Taman Lapangan Banteng,https://images.squarespace-cdn.com/content/v1/5d9aba8504a05a7cc222de1b/1578821126422-T7P6LDZX0TI79PT73DCB/lots-of-open-space-suitable-for-bike-riding-.jpg?format=1000w
57,58,Taman Ayodya,https://media-cdn.tripadvisor.com/media/photo-s/09/2a/4a/41/taman-ayodya.jpg
58,59,Museum Sumpah Pemuda,https://upload.wikimedia.org/wikipedia/commons/thumb/e/e2/MuseumSumpahPemuda.jpg/800px-MuseumSumpahPemuda.jpg
59,60,Museum Tekstil,https://upload.wikimedia.org/wikipedia/commons/thumb/4/46/Musetextil.jpg/250px-Musetextil.jpg
60,61,Tugu Proklamasi,https://upload.wikimedia.org/wikipedia/commons/thumb/f/ff/Collectie_NMvWereldculturen%2C_TM-33002401%2C_Prentbriefkaart-_Het_Proklamasi-monument_in_Pegangsaan_Timur%2C_Djakarta%2C_Kementerian_Penerangan_%28KEMPEN%29%2C_1950-1960.jpg/260px-Collectie_NMvWereldculturen%2C_TM-33002401%2C_Prentbriefkaart-_Het_Proklamasi-monument_in_Pegangsaan_Timur%2C_Djakarta%2C_Kementerian_Penerangan_%28KEMPEN%29%2C_1950-1960.jpg
61,62,Taman Legenda Keong Emas,https://www.tamanlegenda.id/wp-content/uploads/sb-instagram-feed-images/334145536_118742487811460_5336666585427306192_nfull.jpg
62,63,Museum Kebangkitan Nasional,https://upload.wikimedia.org/wikipedia/commons/4/4e/Gedung_Kebangkitan_Nasional_%28STOVIA%29.jpg
63,64,Museum Sasmita Loka Ahmad Yani,https://dynamic-media-cdn.tripadvisor.com/media/photo-o/0e/39/6e/cb/caption.jpg?w=1200&h=-1&s=1
64,65,Museum Basoeki Abdullah,https://media-cdn.tripadvisor.com/media/photo-s/08/70/ea/89/photo2jpg.jpg
65,66,Museum Layang-layang,https://lookaside.instagram.com/seo/google_widget/crawler/?media_id=2757354642166972027
66,67,Margasatwa Muara Angke,https://cdn.antaranews.com/cache/1200x800/2021/06/03/WhatsApp-Image-2021-06-03-at-16.54.34.jpeg
67,68,Pasar Petak Sembilan,https://asset.kompas.com/crops/c8A09TcpX1RmToNphljy7v-ad1g=/393x0:1280x591/750x500/data/photo/2023/01/14/63c230ff16d5e.jpeg
68,69,Freedom Library,https://eastsidefreedomlibrary.org/wp-content/uploads/2021/04/esflbldgfront4.21.jpg
69,70,Perpustakaan Nasional,https://upload.wikimedia.org/wikipedia/commons/e/e2/LOGO-PERPUSNAS.svg
70,71,Cibubur Garden Diary (Cibugary),https://beritacibubur.files.wordpress.com/2019/09/cibuburgardendairy7-630x380.jpg?w=723
71,72,Waterboom PIK (Pantai Indah Kapuk),https://dynamic-media-cdn.tripadvisor.com/media/photo-o/06/5d/70/b0/waterbom-jakarta.jpg?w=1200&h=-1&s=1
72,73,Museum Perangko,https://dynamic-media-cdn.tripadvisor.com/media/photo-o/07/56/f5/0e/musium-prangko-indonesia.jpg?w=1200&h=-1&s=1
73,74,Museum Tengah Kebun,https://lookaside.instagram.com/seo/google_widget/crawler/?media_id=2875548399909011696
74,75,SnowBay Waterpark,https://dynamic-media-cdn.tripadvisor.com/media/photo-o/0e/f2/80/d6/photo2jpg.jpg?w=1200&h=1200&s=1
75,76,Taman Cattleya,https://dynamic-media-cdn.tripadvisor.com/media/photo-o/11/b6/d3/ad/pintu-masuk-taman.jpg?w=1200&h=-1&s=1
76,77,Taman Hutan Tebet,https://img.inews.co.id/media/1200/files/inews_new/2022/02/10/Tebet_Ecopark.jpg
77,78,Hutan Kota Srengseng,https://upload.wikimedia.org/wikipedia/commons/8/88/Jakarta_hutan_srengseng.jpg
78,79,Taman Spathodea,https://asset.kompas.com/crops/pK-YdwQTfGOcgqy--ZYWtYH0RDg=/0x0:0x0/750x500/data/photo/2023/09/10/64fdc3fa3fe76.jpg
79,80,Plaza Indonesia,https://upload.wikimedia.org/wikipedia/commons/thumb/1/19/Malam_Tanpa_Kendaraan_2012-13_-_Plaza_Indonesia_-_panoramio.jpg/640px-Malam_Tanpa_Kendaraan_2012-13_-_Plaza_Indonesia_-_panoramio.jpg
80,81,Mall Thamrin City,https://dynamic-media-cdn.tripadvisor.com/media/photo-o/07/28/da/98/thamrin-city-main-enterance.jpg?w=1200&h=1200&s=1
81,82,Museum Satria Mandala,https://upload.wikimedia.org/wikipedia/commons/thumb/5/53/Satriamandala_Museum_main_building.jpg/800px-Satriamandala_Museum_main_building.jpg
82,83,Alive Museum Ancol,https://i.pinimg.com/736x/e2/e9/8f/e2e98f2a50c6a32d9c3a2efdead1ae99.jpg
83,84,Kawasan Kuliner BSM,https://fastly.4sqi.net/img/general/600x600/5710794_RgmzNH0pcRaE6Zzl00gujoroPrNbZNTlvPjrj0liBxw.jpg
84,85,Taman Pintar Yogyakarta,https://www.yogyes.com/id/yogyakarta-tourism-object/other/taman-pintar/1.jpg
85,86,Keraton Yogyakarta,https://upload.wikimedia.org/wikipedia/commons/3/33/Kraton_Yogyakarta_Pagelaran.jpg
86,87,Sindu Kusuma Edupark (SKE),https://s-light.tiket.photos/t/01E25EBZS3W0FY9GTG6C42E1SE/rsfit19201280gsm/events/2022/01/11/3b40f755-79aa-47e9-a182-6a2eadbcfe85-1641902152794-e4faae2484d6bdb8395b3c564541ac75.jpg
87,88,Museum Benteng Vredeburg Yogyakarta,https://upload.wikimedia.org/wikipedia/commons/6/60/Museum_Benteng_Vredeburg_01.jpg
88,89,De Mata Museum Jogja,https://pariwisata.jogjakota.go.id/resources/img/article/20190219121633.jpg
89,90,Kampung Wisata Taman Sari,https://pariwisata.jogjakota.go.id/resources/img/article/20200916111459.gif
90,91,Situs Warungboto,https://dynamic-media-cdn.tripadvisor.com/media/photo-o/16/dd/1c/6a/warung-boto.jpg?w=1200&h=-1&s=1
91,92,Nol Kilometer Jl.Malioboro,https://c8.alamy.com/comp/2HAYMGX/yogyakarta-indonesia-november-20-2021-2-men-are-walking-on-the-sidewalk-of-malioboro-street-enjoying-vacation-time-during-the-day-2HAYMGX.jpg
92,93,Gembira Loka Zoo,https://upload.wikimedia.org/wikipedia/commons/thumb/3/3c/Gembira_Loka_Zoo_in_Yogyakarta.jpg/1200px-Gembira_Loka_Zoo_in_Yogyakarta.jpg
93,94,Sumur Gumuling,https://media-cdn.tripadvisor.com/media/photo-s/0f/e1/69/c4/sumur-gumuling.jpg
94,95,Desa Wisata Sungai Code Jogja Kota,https://awsimages.detik.net.id/community/media/visual/2022/02/20/wajah-baru-kali-code-yogyakarta-yang-makin-berwarna-4_169.jpeg?w=1200
95,96,Alun Alun Selatan Yogyakarta,https://dynamic-media-cdn.tripadvisor.com/media/photo-o/12/50/79/1f/arun-arun.jpg?w=1200&h=-1&s=1
96,97,Monumen Yogya Kembali,https://dynamic-media-cdn.tripadvisor.com/media/photo-o/10/3a/00/a0/museum-jogja-kembali.jpg?w=1200&h=1200&s=1
97,98,Taman Pelangi Yogyakarta,https://awsimages.detik.net.id/community/media/visual/2017/02/23/1c740245-fd92-42f3-bdca-f4c6c9e178f5_169.jpg?w=600&q=90
98,99,Kampung Wisata Kadipaten,https://pariwisata.jogjakota.go.id/resources/img/article/20190408092050.jpg
99,100,Taman Budaya Yogyakarta,https://upload.wikimedia.org/wikipedia/commons/thumb/b/bc/ArtJog_2013%2C_Taman_Budaya_Yogyakarta.JPG/1200px-ArtJog_2013%2C_Taman_Budaya_Yogyakarta.JPG
100,101,Kampung Wisata Sosro Menduran,https://kampungwisata.jogjakota.go.id/galleryslider/1609921216slider%20sosromenduran.jpg
101,102,Monumen Batik Yogyakarta,https://www.shutterstock.com/image-photo/monumen-batik-yogyakarta-monument-inisible-260nw-1152708848.jpg
102,103,Tugu Pal Putih Jogja,https://l450v.alamy.com/450v/2nampg9/yogyakarta-indonesia-circa-2023-residents-crossing-tugu-pal-putih-jogja-de-white-paal-using-various-transportation-2nampg9.jpg
103,104,Tebing Breksi,https://www.indonesia.travel/content/dam/indtravelrevamp/id-id/ide-liburan/wisata-ke-tebing-breksi-makin-asyik-setelah-tahu-informasi-ini/tebing.jpg
104,105,Candi Donotirto,https://static.promediateknologi.id/crop/0x0:0x0/750x500/webp/photo/p2/65/2023/10/04/Resize_20231004_155051_1502-1823820894.jpg
105,106,Kawasan Malioboro,https://thumb.tvonenews.com/thumbnail/2022/06/28/62bae890d8300-kawasan-jalan-malioboro_1265_711.jpg
106,107,Bangsal Pagelaran,https://www.researchgate.net/publication/294540154/figure/fig2/AS:626972136853505@1526493214939/The-Gable-of-Bangsal-Pagelaran-in-Karaton-Yogyakarta-image-source-authors-collection.png
107,108,Embung Tambakboyo,https://www.alltrails.com/_next/image?url=https%3A%2F%2Fwww.alltrails.com%2Fapi%2Falltrails%2Fv3%2Fmaps%2F204462313%2Fstatic_map%3Fsize%3D295x240%26scale%3D2%26key%3D3p0t5s6b5g4g0e8k3c1j3w7y5c3m4t8i&w=3840&q=75
108,109,Hutan Pinus Pengger,https://dynamic-media-cdn.tripadvisor.com/media/photo-o/16/c4/d3/19/la-famosa-mano-de-pinus.jpg?w=1200&h=1200&s=1
109,110,Monumen Serangan Umum 1 Maret,https://upload.wikimedia.org/wikipedia/commons/9/9f/Monumen_Serangan_Umum_1_Maret_%281_March_General_Attack_Monument%29.JPG
110,111,Puncak Pinus Becici,https://jelajah-api.bantulkab.go.id/files/content/e0ed89d91ee2634947c983bcd41df7af.jpg
111,112,Bukit Bintang Yogyakarta,https://asset.kompas.com/crops/sdYG6HKMSk1FMt2rxpqSbfFtjc0=/0x0:1800x1200/750x500/data/photo/2023/08/18/64df47c044dc6.jpg
112,113,Gedung Agung Yogyakarta,https://upload.wikimedia.org/wikipedia/commons/f/f2/Gedung_Agung_Istana_Yogyakarta.jpg
113,114,The Lost World Castle,https://upload.wikimedia.org/wikipedia/commons/thumb/e/e6/The_Lost_World_Castle.jpg/1200px-The_Lost_World_Castle.jpg
114,115,Monumen Sanapati,https://mojok.co/wp-content/uploads/2023/09/Museum-Senapati.jpeg
115,116,Jurang Tembelan Kanigoro,https://as2.ftcdn.net/v2/jpg/01/85/48/65/1000_F_185486545_4JUkLxAB0ekKIhPMz2JoFZiMiGQ33g1y.jpg
116,117,The World Landmarks - Merapi Park Yogyakarta,https://c8.alamy.com/comp/2CABHHR/an-ancient-animal-statue-at-the-world-landmarks-merapi-park-yogyakarta-which-was-still-under-construction-at-that-time-2CABHHR.jpg
117,118,Museum Sonobudoyo Unit I,https://javaprivatetour.com/wp-content/uploads/2023/10/Koleksi-Benda-Bersejarah-Museum-Sonobudoyo-Yogyakarta.webp
118,119,Lava Bantal,https://awsimages.detik.net.id/community/media/visual/2018/12/14/e1f32e35-93e3-4264-bd16-404dddf675b5_169.jpeg?w=600&q=90
119,120,Bukit Panguk Kediwung,https://dynamic-media-cdn.tripadvisor.com/media/photo-o/13/14/61/e9/sunrise-di-bukit-panguk.jpg?w=1200&h=-1&s=1
120,121,Candi Prambanan,https://upload.wikimedia.org/wikipedia/commons/thumb/0/0b/Prambanan_Temple_Yogyakarta_Indonesia.jpg/1200px-Prambanan_Temple_Yogyakarta_Indonesia.jpg
121,122,Watu Goyang,https://visitingjogja.jogjaprov.go.id/wp-content/uploads/2021/03/159931208_1398821893797239_4733554309931237283_n.jpg
122,123,Kampung Wisata Rejowinangun,https://pariwisata.jogjakota.go.id/resources/img/article/20201006085121.gif
123,124,Kauman Pakualaman Yogyakarta,https://kaumanpakualaman.files.wordpress.com/2021/12/kauman-1.jpg
124,125,Alun-alun Utara Keraton Yogyakarta,https://asset.kompas.com/crops/rsNVzBolFSN_WQgpX313dDDQR34=/38x0:656x412/750x500/data/photo/2023/03/09/6409a8513976d.jpeg
125,126,Pantai Goa Cemara,https://media-cdn.tripadvisor.com/media/photo-s/12/6d/18/f6/sunset-di-pantai-goa.jpg
126,127,Blue Lagoon Jogja,https://dynamic-media-cdn.tripadvisor.com/media/photo-o/07/a0/cf/8e/blue-lagoon-sendang-tirta.jpg?w=1200&h=1200&s=1
127,128,Gumuk Pasir Parangkusumo,https://gokayu.com/uploads/article/YXJ0aWNsZV81NzY=/NTc2X1R1ZSAyMDE4IE1hciAwNTo1ODoxNzVhYTc2ODc5YmQ2ZDQ=/original.jpg
128,129,Bukit Lintang Sewu,https://dynamic-media-cdn.tripadvisor.com/media/photo-o/14/0e/8b/f9/bukit-lintang-sewu.jpg?w=1200&h=1200&s=1
129,130,Studio Alam Gamplong,https://sumberrahayusid.slemankab.go.id/assets/files/artikel/sedang_161370332144691815_300831200641686_1693223938030693535_n.jpg
130,131,Watu Lumbung,https://visitingjogja.jogjaprov.go.id/en/wp-content/uploads/2019/02/842.jpg
131,132,Air Terjun Kedung Pedut,https://visitingjogja.jogjaprov.go.id/wp-content/uploads/2020/03/218.jpg
132,133,Puncak Kebun Buah Mangunan,https://o-cdn-cas.sirclocdn.com/parenting/images/Kebun_Buah_Mangunan_instagram.com.width-800.format-webp_DsgPlnW.webp
133,134,Desa Wisata Gamplong,https://www.kotajogja.com/wp-content/uploads/2021/02/118986568_117475859917130_981313919625573653_n.jpg
134,135,Kawasan Wisata Sosrowijayan,https://static.vecteezy.com/system/resources/previews/026/121/034/non_2x/yogyakarta-indonesia-march-20-2023-sosrowijayan-tourist-area-gate-in-malioboro-tourism-area-free-photo.JPG
135,136,Grojogan Watu Purbo Bangunrejo,https://asset.kompas.com/crops/wXX1MvMLkTVW1qkcgemVXMX2hT0=/0x0:1000x667/750x500/data/photo/2020/01/26/5e2d5f4c2853a.jpg
136,137,Wisata Alam Kalibiru,https://asset.kompas.com/crops/UegdwPyplBaadzNQiFGx7o9CXVM=/41x4:1452x944/750x500/data/photo/2022/02/14/62096a48dee22.jpg
137,138,Jogja Exotarium,https://visitingjogja.jogjaprov.go.id/wp-content/uploads/2021/04/123388295_416448169348320_3747966944106264587_n.jpg
138,139,Puncak Gunung Api Purba - Nglanggeran,https://newsimg.koreatimes.co.kr/2023/12/27/e97944d6-c8a2-4887-a1bb-adc073bff03d.jpg
139,140,Bendung Lepen,https://cdn0-production-images-kly.akamaized.net/GYbI3x8ue_4TPk3DDxF1wX-FDNM=/800x450/smart/filters:quality(75):strip_icc():format(webp)/kly-media-production/medias/3363879/original/000655600_1612006827-bendung_1.jpg
140,141,Bunker Kaliadem Merapi,https://dynamic-media-cdn.tripadvisor.com/media/photo-o/15/dc/29/75/lrm-export-1053573127206.jpg?w=1200&h=-1&s=1
141,142,Ledok Sambi,https://visitingjogja.jogjaprov.go.id/wp-content/uploads/2022/08/ledok-sambi-by-@kapanewonpakem.jpg
142,143,Seribu Batu Songgo Langit,https://visitingjogja.jogjaprov.go.id/wp-content/uploads/2020/12/131063547_827392477807324_2160350004161108543_n.jpg
143,144,Goa Jomblang,https://lookaside.fbsbx.com/lookaside/crawler/media/?media_id=100063614139224
144,145,Desa Wisata Rumah Domes/Teletubbies,https://visitingjogja.jogjaprov.go.id/wp-content/uploads/2021/04/49907380_187459828877416_2627656575041698927_n.jpg
145,146,Bukit Wisata Pulepayung,https://visitingjogja.jogjaprov.go.id/wp-content/uploads/2020/03/134749519_1063110144208705_2545271039243575160_n.jpg
146,147,Bentara Budaya Yogyakarta (BBY),https://www.yogyes.com/id/places/jogja/bentara-budaya-yogyakarta-bby/1.jpg
147,148,Goa Rancang Kencono,https://fastly.4sqi.net/img/general/600x600/60217660_ZNjxz-WN8_UQAGGh1EZF0mHHF7EFdnkqsWGpGKlvq5U.jpg
148,149,Goa Cerme,https://happytour.id/wp-content/uploads/2018/07/GoaCerme1.jpg
149,150,Wisata Kraton Jogja,http://terasmalioboro.jogjaprov.go.id/wp-content/uploads/2022/08/Kenali-Peraturan-Unik-dan-Penting-Saat-Berkunjung-ke-Keraton-Yogyakarta.jpg
150,151,Desa Wisata Kelor,https://img.harianjogja.com/posts/2020/11/10/1054933/umy-kelor.jpg
151,152,Pantai Patihan,http://unycommunity.com/wp-content/uploads/2023/01/view-pantai.jpg
152,153,Pantai Kukup,https://akcdn.detik.net.id/visual/2023/11/09/pantai-kukup-yogyakarta-1_169.jpeg?w=650
153,154,Pantai Ngrawe (Mesra),https://widyalokawisata.com/wp-content/uploads/2023/09/pantai-ngrawe-mesra-gunungkidul.webp
154,155,Pantai Ngobaran,https://i.ytimg.com/vi/j_9fK0UvWR0/maxresdefault.jpg
155,156,Pantai Pulang Sawal,https://sewamobiljogja.id/wp-content/uploads/2019/07/Pantai-Pulang-Sawal.jpg
156,157,Pantai Baron,https://o-cdn-cas.sirclocdn.com/parenting/images/pantai-baron.width-800.format-webp.webp
157,158,Pantai Pok Tunggal,https://media-cdn.tripadvisor.com/media/photo-s/07/6c/30/17/sunset-pok-tunggal.jpg
158,159,Hutan Pinus Asri,https://homestaydijogja.net/wp-content/uploads/2024/02/Hutan-Pinus-Asri.jpg
159,160,Pasar Kebon Empring Bintaran,https://lookaside.instagram.com/seo/google_widget/crawler/?media_id=2858662875977591189
160,161,"Bukit Paralayang, Watugupit",https://visitingjogja.jogjaprov.go.id/wp-content/uploads/2022/08/watu-gupit-by-@asaljepret39.jpg
161,162,Kampung Wisata Dipowinatan,https://visitingjogja.jogjaprov.go.id/wp-content/uploads/2020/01/dipowinatan1.jpg
162,163,Watu Mabur Mangunan,https://i.ytimg.com/vi/qf3lKIyCI0I/maxresdefault.jpg
163,164,Pintoe Langit Dahromo,https://www.shutterstock.com/image-photo/pintoe-langit-dahromo-dlingo-bantul-260nw-1322819738.jpg
164,165,Green Village Gedangsari,https://dynamic-media-cdn.tripadvisor.com/media/photo-o/0f/ae/14/65/green-village-gedangsari.jpg?w=1200&h=-1&s=1
165,166,Kebun Teh Nglinggo,https://dinpar.kulonprogokab.go.id/upload/nglinggojpg2.jpg
166,167,Geoforest Watu Payung Turunan,https://www.yogyes.com/id/yogyakarta-tourism-object/nature-and-outdoor/geoforest-watu-payung/1.jpg
167,168,Pantai Timang,https://upload.wikimedia.org/wikipedia/commons/f/f2/Gondala_pantai_Timang_-_Gunung_Kidul%2C_DIY.jpg
168,169,Puncak Segoro,https://bokun.s3.amazonaws.com/baa725bf-1c6e-4257-bd49-19f93fa0b84d.jpeg?w=876&h=493&fit=crop
169,170,Candi Borobudur,https://media.istockphoto.com/id/585488420/photo/ancient-buddha-statue-and-stupa-at-borobudur-temple.jpg?s=612x612&w=0&k=20&c=xqYP10G2NK5AU6HHRJUxi9nwYddiZ_eH1GEwAgoq3gY=
170,171,Candi Ijo,https://dynamic-media-cdn.tripadvisor.com/media/photo-o/13/bb/ad/55/ijo-temple.jpg?w=1200&h=-1&s=1
171,172,Pantai Indrayanti,https://dynamic-media-cdn.tripadvisor.com/media/photo-o/0e/ad/63/c2/img-20170314-wa0121-largejpg.jpg?w=1200&h=1200&s=1
172,173,Pantai Nglambor,https://www.wsrentaljogja.com/wp-content/uploads/2016/08/@mikhaelhaposan-600x400.jpg
173,174,Pasar Beringharjo,https://warta.jogjakota.go.id/assets/instansi/warta/article/20230426204104.jpeg
174,175,Museum Ullen Sentalu,https://dynamic-media-cdn.tripadvisor.com/media/photo-o/0c/75/52/ef/ullen-sentalu.jpg?w=1200&h=1200&s=1
175,176,Museum Gunung Merapi,https://upload.wikimedia.org/wikipedia/commons/6/6d/Museum_Gunung_Merapi_selasar.jpg
176,177,Pantai Parangtritis,https://asset.kompas.com/crops/ndSlDAM31MuOAWuICuTJedBi8LY=/0x0:6000x4000/750x500/data/photo/2022/05/09/6278ae49850e2.jpg
177,178,Goa Pindul,https://dynamic-media-cdn.tripadvisor.com/media/photo-o/16/05/ef/93/sewa-mobil-jogja-paket.jpg?w=1200&h=1200&s=1
178,179,Candi Ratu Boko,https://upload.wikimedia.org/wikipedia/commons/3/31/Kraton_Ratu_Boko_%28Ratu_Boko_Temple%29_in_Yogyakarta%2C_Indonesia_16.jpg
179,180,Pantai Depok Jogja,https://o-cdn-cas.sirclocdn.com/parenting/images/pantai-depok.width-800.format-webp.webp
180,181,Pantai Sundak,https://dynamic-media-cdn.tripadvisor.com/media/photo-o/03/b3/c5/de/pantai-sundak.jpg?w=1200&h=-1&s=1
181,182,Hutan Mangrove Kulon Progo,https://visitingjogja.jogjaprov.go.id/wp-content/uploads/2020/03/281.jpg
182,183,Jogja Bay Pirates Adventure Waterpark,https://dynamic-media-cdn.tripadvisor.com/media/photo-o/11/df/e7/3f/memo-racer.jpg?w=1200&h=1200&s=1
183,184,Pantai Sepanjang,https://bobobox.com/blog/wp-content//uploads/2023/11/Harga-Tiket-Pantai-Sepanjang.png
184,185,Pantai Krakal,https://media-cdn.tripadvisor.com/media/photo-s/1a/75/a5/8d/krakal-beach-one-of-the.jpg
185,186,Pantai Glagah,"https://ik.imagekit.io/tvlk/blog/2020/01/shutterstock_687006697.jpg?tr=dpr-2,w-675"
186,187,Pantai Siung,https://mediaim.expedia.com/destination/2/054d15aaaf49ea05f0d439357f733d20.jpg?impolicy=fcrop&w=360&h=224&q=medium
187,188,Pantai Sadranan,https://ik.imagekit.io/tvlk/blog/2018/08/Yogyakarta-Pantai-Sadranan-1118621543-1.jpg
188,189,Pantai Nguluran,https://homestaydijogja.net/wp-content/uploads/2023/09/Teras-Kaca-Pantai-Nguluran-3.jpg
189,190,Pantai Samas,https://lh6.googleusercontent.com/vvVIhjvvUeVPDhQ5rfKUJQDxxk-8AmdUmr0U40XAx3M4lVd6UrGEdfIF8Iy95Yv-4-1YzbLDOTInKg85sYSdGuBpIataVV8DDUtqmWwUuxS4eG1gFG4a8atUgFNGzEaHk5UGFczVRp3m22X93LjC7GAr2mYOMMAeygd5uwjMmDNLrlTL_qqecB93M1iN0g?dpr=2&w=675&fit=scale&auto=format&fm=pjpg
190,191,Pantai Drini,https://upload.wikimedia.org/wikipedia/commons/thumb/5/52/Pantai_Drini_Top_View.jpg/2560px-Pantai_Drini_Top_View.jpg
191,192,Air Terjun Sri Gethuk,https://jogjakita.co.id/wp-content/uploads/2021/08/Air-Terjun-Sri-Gethuk-Gunungkidul-1024x713-1.jpg
192,193,Candi Sewu,https://upload.wikimedia.org/wikipedia/commons/thumb/2/26/Candi_Sewu_viewed_from_the_south%2C_23_November_2013.jpg/1200px-Candi_Sewu_viewed_from_the_south%2C_23_November_2013.jpg
193,194,Pantai Wediombo,https://dynamic-media-cdn.tripadvisor.com/media/photo-o/0a/9b/c6/e5/laguna-di-pantai-wediombo.jpg?w=1200&h=-1&s=1
194,195,Pantai Jogan,https://visitingjogja.jogjaprov.go.id/wp-content/uploads/2020/04/703.jpg
195,196,Pantai Ngrenehan,https://dynamic-media-cdn.tripadvisor.com/media/photo-o/08/c1/a5/e6/view-dari-atas-bukit.jpg?w=1200&h=1200&s=1
196,197,Pantai Jungwok,https://asset-2.tstatic.net/jogja/foto/bank/images/pantai-jungwok-ocean-blue.jpg
197,198,Pantai Greweng,https://www.shutterstock.com/image-photo/river-flows-winds-way-sea-260nw-2303548031.jpg
198,199,Pantai Sedahan,https://visitingjogja.jogjaprov.go.id/wp-content/uploads/2020/04/699.jpg
199,200,Pantai Watu Kodok,https://cf.bstatic.com/xdata/images/hotel/max1024x768/395830626.jpg?k=3addd71e10a3d726ad691fa4b524c3594991366cb9a726fc5162ab35d9efd7e4&o=&hp=1
200,201,Pantai Kesirat,https://www.yogyes.com/id/yogyakarta-tourism-object/beach/kesirat/1.jpg
201,202,Pantai Ngandong,https://visitingjogja.jogjaprov.go.id/wp-content/uploads/2020/03/195.jpg
202,203,Galaxy Waterpark Jogja,https://cdn.wisata.app/diary/d09fa16e-5702-43ed-b87f-2e57ccf30967.jpg
203,204,Desa Wisata Pulesari,https://www.menpan.go.id/site/images/berita/2019/20190604_-_Desa_Wisata_Pulesari_1.jpeg
204,205,Desa Wisata Tembi,https://miro.medium.com/v2/resize:fit:1200/1*4clo5h_31VjAsKLYLNh2dw.jpeg
205,206,Wisata Kaliurang,https://images.bisnis.com/posts/2022/12/15/1609102/2._10_rekomendasi_wisata_kaliurang_murah_dan_kekinian_-_dok._stonehenge_yogyakarta.jpg
206,207,Heha Sky View,https://media-cdn.tripadvisor.com/media/photo-s/1b/5d/c6/ba/the-evening-vibes.jpg
207,208,Taman Sungai Mudal,https://awsimages.detik.net.id/community/media/visual/2021/12/11/intip-ekowisata-sungai-mudal-kolam-alami-segar-di-perbukitan-menoreh-kulon-progo-11_169.jpeg?w=600&q=90
208,209,Pantai Sanglen,https://asset.kompas.com/crops/y1Gv3-GLLwNl72Lspi5fBNCQC5g=/17x11:685x456/750x500/data/photo/2022/09/08/6318d8358fc31.jpeg
209,210,Pantai Congot,https://fastly.4sqi.net/img/general/600x600/3652554_3AJFB0uhLCr5VSvbnYPCHVaCQZ6BjhQRmwIGu1gDeNc.jpg
210,211,GunungTangkuban perahu,https://upload.wikimedia.org/wikipedia/commons/thumb/c/c3/Gunung_Tangkuban_Parahu.jpg/1200px-Gunung_Tangkuban_Parahu.jpg
211,212,Jalan Braga,https://upload.wikimedia.org/wikipedia/commons/thumb/b/b7/Jl_Braga_Street_Sign_in_Bandung.jpg/640px-Jl_Braga_Street_Sign_in_Bandung.jpg
212,213,Gedung Sate,https://mediaim.expedia.com/destination/1/1c25c882ca5bc7f3f8e3b75ca1e8462c.jpg
213,214,Trans Studio Bandung,https://dynamic-media-cdn.tripadvisor.com/media/photo-o/02/64/01/8b/filename-photo0465-jpg.jpg?w=1200&h=1200&s=1
214,215,Taman Hutan Raya Ir. H. Djuanda,https://upload.wikimedia.org/wikipedia/commons/thumb/0/07/Taman_Hutan_Raya_IR_Djuanda.jpg/1200px-Taman_Hutan_Raya_IR_Djuanda.jpg
215,216,Farm House Susu Lembang,https://awsimages.detik.net.id/community/media/visual/2021/06/13/farm-house-susu-lembang-1_169.jpeg?w=1200
216,217,Kebun Binatang Bandung,https://media-cdn.tripadvisor.com/media/photo-s/0c/c8/bf/62/gerbang-masuk-pintu-2.jpg
217,218,Kawah Putih,https://upload.wikimedia.org/wikipedia/commons/thumb/3/35/Kawah_Putih_Lake_from_the_viewing_platform%2C_Bandung_Regency%2C_2014-08-21.jpg/800px-Kawah_Putih_Lake_from_the_viewing_platform%2C_Bandung_Regency%2C_2014-08-21.jpg
218,219,Tebing Karaton,https://i.ytimg.com/vi/wod5oVFsBew/maxresdefault.jpg
219,220,Dusun Bambu,https://dynamic-media-cdn.tripadvisor.com/media/photo-o/17/e7/90/12/dusun-bambu-family-leisure.jpg?w=700&h=-1&s=1
220,221,Museum Geologi Bandung,https://upload.wikimedia.org/wikipedia/commons/b/b3/Bandung%2C_Museum_Geologi.jpg
221,222,Museum Konferensi Asia Afrika,https://upload.wikimedia.org/wikipedia/commons/8/84/Musium_KAA.jpg
222,223,Masjid Raya Bandung,https://upload.wikimedia.org/wikipedia/commons/thumb/f/f4/Mesjid_Agung_Bandung.JPG/220px-Mesjid_Agung_Bandung.JPG
223,224,Dago Dreampark,https://ak-d.tripcdn.com/images/0ww3812000cn3o7345DC5_W_100_100_Q10.webp?proc=source%2Ftrip&proc=source%2Ftrip
224,225,Orchid Forest Cikole,"https://res.klook.com/images/fl_lossy.progressive,q_65/c_fill,w_1108,h_739/w_68,x_12,y_12,g_south_west,l_Klook_water_br_trans_yhcmh3/activities/vgw5aogzm6epesokfeug/OrchidForestCikoleTicketinBandung.jpg"
225,226,Kawasan Punclut,https://i.ytimg.com/vi/jtnCjre-pO4/maxresdefault.jpg
226,227,Alun-Alun Kota Bandung,https://dynamic-media-cdn.tripadvisor.com/media/photo-o/0d/61/04/e8/alun-alun-bandung.jpg?w=1200&h=1200&s=1
227,228,Museum Sri Baduga,https://upload.wikimedia.org/wikipedia/commons/thumb/d/d2/Sri_Baduga_Museum.JPG/640px-Sri_Baduga_Museum.JPG
228,229,Rabbit Town,"https://res.klook.com/images/fl_lossy.progressive,q_65/c_fill,w_1200,h_630/w_80,x_15,y_15,g_south_west,l_Klook_water_br_trans_yhcmh3/activities/ilvvvir7b6fidfhteyb7/Rabbit%20Town%20Ticket%20in%20Bandung.jpg"
229,230,Stone Garden Citatah,https://dynamic-media-cdn.tripadvisor.com/media/photo-o/0d/a2/cb/05/stone-garden-citatah.jpg?w=1200&h=-1&s=1
230,231,The Great Asia Africa,https://s-light.tiket.photos/t/01E25EBZS3W0FY9GTG6C42E1SE/rsfit19201280gsm/events/2023/06/20/0e7d4edd-857d-4e78-9548-d6dbab71f010-1687228376014-a50bbae737ec44cff526b7b2fe1e2021.jpg
231,232,Bukit Moko,https://upload.wikimedia.org/wikipedia/commons/a/a8/Bukit_Bandung_Moko.jpg
232,233,Gunung Papandayan,https://cdn1-production-images-kly.akamaized.net/Lj0GGViqBr5sfuc0t9cBlC9jZug=/800x450/smart/filters:quality(75):strip_icc():format(webp)/kly-media-production/medias/919223/original/078022300_1436078106-6.jpg
233,234,Amazing Art World,https://s-light.tiket.photos/t/01E25EBZS3W0FY9GTG6C42E1SE/original/events/2020/12/22/56dce4fe-d2f9-400e-93d6-c47cbc53ef88-1608641411429-b1405dec996ba72c8ce6b47e0ef5d8d0.jpg
234,235,Gua Belanda,https://upload.wikimedia.org/wikipedia/commons/6/69/Lorong_bagian_dalam_Gua_Belanda_di_Gunung_Puntang_Bandung%2C_Kabupaten_Bandung.jpg
235,236,Taman Balai Kota Bandung,https://dynamic-media-cdn.tripadvisor.com/media/photo-o/12/56/dc/cc/eastern-part.jpg?w=1200&h=1200&s=1
236,237,Panghegar Waterboom Bandung,http://panghegarwaterboom.com/image/cache/catalog/Nataru%202021-500x625.jpg
237,238,Gunung Manglayang,https://s3-us-west-1.amazonaws.com/peakery-media/images/items/main/cache/gunung-manglayang-1.jpg.1920x1440_q95_crop.jpg
238,239,Lembang Park & Zoo,"https://res.klook.com/images/fl_lossy.progressive,q_65/c_fill,w_3000,h_2250,f_auto/w_80,x_15,y_15,g_south_west,l_Klook_water_br_trans_yhcmh3/activities/otjiniotdil2ofit3yqo/LembangParkandZooTicketinBandung-KlookUnitedStates.jpg"
239,240,Taman Lalu Lintas Ade Irma Suryani Nasution,https://thumbs.dreamstime.com/z/ade-irma-suryani-nasution-park-taman-lalu-lintas-bandung-ade-irma-suryani-nasution-park-bandung-city-west-java-indonesia-202672651.jpg
240,241,Lawangwangi Creative Space,https://buniwangilestari.id/images/lawangwangi-creative-space.jpg
241,242,Curug Dago,https://c8.alamy.com/comp/T5FBAK/waterfall-shot-with-slow-shutters-T5FBAK.jpg
242,243,Kampung Korea Bandung,https://i.pinimg.com/736x/c4/89/33/c4893362b50ca5d9a0612832fb67fc28.jpg
243,244,Kampung Batu Malakasari,https://lookaside.instagram.com/seo/google_widget/crawler/?media_id=3208737185792867706
244,245,Jendela Alam,https://dynamic-media-cdn.tripadvisor.com/media/photo-o/0c/fd/ce/7e/jendela-alam.jpg?w=1200&h=-1&s=1
245,246,Curug Tilu Leuwi Opat,https://assets.pikiran-rakyat.com/crop/0x0:0x0/750x500/photo/2022/06/11/409054320.jpeg
246,247,Kiara Artha Park,https://i.ytimg.com/vi/9AxTomtPIwE/maxresdefault.jpg
247,248,NuArt Sculpture Park,https://dynamic-media-cdn.tripadvisor.com/media/photo-o/0d/52/25/cb/nuart-sculpture-park.jpg?w=1200&h=-1&s=1
248,249,Upside Down World Bandung,https://dynamic-media-cdn.tripadvisor.com/media/photo-o/0e/53/a0/45/img-20170202-183438-largejpg.jpg?w=1200&h=1200&s=1
249,250,Pesona Nirwana Waterpark & Cottages,https://pix10.agoda.net/hotelImages/127/12791369/12791369_20021017020087985993.jpg?ca=10&ce=1&s=414x232
250,251,Taman Lansia,https://o-cdn-cas.sirclocdn.com/parenting/images/Taman-Lansia-1030x541.width-800.format-webp.webp
251,252,Kampoeng Tulip,https://dirgantaracarrental.com/wp-content/uploads/2019/07/kampoeng-tulip-Dirgantara-Car-Rental.jpg
252,253,Selasar Sunaryo Art Space,https://culture360.asef.org/media/2010/9/Selasar_Sunaryo_Art_Space.jpeg
253,254,Teras Cikapundung BBWS,https://live.staticflickr.com/1672/23565476833_cb3cf635fc_b.jpg
254,255,Museum Barli,https://lookaside.fbsbx.com/lookaside/crawler/media/?media_id=100069713960730
255,256,Wisata Batu Kuda,https://o-cdn-cas.sirclocdn.com/parenting/images/wisata-batu-kuda_iweCAwZ.width-800.format-webp.webp
256,257,Monumen Bandung Lautan Api,https://img.bandung.go.id/images/news/2022/08/25/header/166142131217-hjkb212-monumen-bandung-lautan-api-destinasi-wisata-sejarah.jpg
257,258,Museum Gedung Sate,https://asset.kompas.com/crops/_QBFvchNV7JtOIaVkEg0JFZfLJU=/0x0:1000x667/750x500/data/photo/2022/07/25/62dec6809a479.jpg
258,259,Monumen Perjuangan Rakyat Jawa Barat,https://awsimages.detik.net.id/community/media/visual/2022/08/17/monumen-perjuangan-rakyat-jawa-barat-1_169.jpeg?w=1200
259,260,Museum Pos Indonesia,https://i.ytimg.com/vi/-fLvr8PPqBA/hqdefault.jpg
260,261,Ciwangun Indah Camp Official,https://lookaside.fbsbx.com/lookaside/crawler/media/?media_id=186800267070686
261,262,Wot Batu,https://cdn.wisata.app/diary/742294b4-3c04-49d8-a481-5ae409ce6a11_xs.jpg
262,263,Curug Batu Templek,https://awsimages.detik.net.id/community/media/visual/2022/11/25/wisata-curug-batu-templek-di-bandung-2_169.jpeg?w=600&q=90
263,264,Gereja Katedral Santo Petrus Bandung,https://asset.kompas.com/crops/tBI-b-cX4cwVRFgetiIggU6WSiA=/147x0:1225x719/750x500/data/photo/2022/11/14/63725de4b9231.jpg
264,265,Museum Mandala Wangsit Siliwangi,https://ak-d.tripcdn.com/images/ww0i1e000001evz4a2F67.png?proc=source%2Ftrip
265,266,Caringin Tilu,https://asset-2.tstatic.net/priangan/foto/bank/images/Dapur-Caringin-Tilu.jpg
266,267,Panama Park 825,"https://res.klook.com/images/fl_lossy.progressive,q_65/c_fill,w_1200,h_630/w_80,x_15,y_15,g_south_west,l_Klook_water_br_trans_yhcmh3/activities/qgmcpehevo8hmgqlqznz/Panama%20Park%20825%20Playground%20in%20Bandung.jpg"
267,268,Sudut Pandang Bandung,https://o-cdn-cas.sirclocdn.com/parenting/images/cafe_sudut_pandang.width-800.format-webp.webp
268,269,Bumi Perkemahan Batu Kuda,https://i.ytimg.com/vi/jPAWmOHrmuo/maxresdefault.jpg
269,270,Bukit Bintang,https://upload.wikimedia.org/wikipedia/commons/thumb/c/c1/Bukit_Bintang_Junction_in_2023.jpg/640px-Bukit_Bintang_Junction_in_2023.jpg
270,271,Taman Vanda,https://fastly.4sqi.net/img/general/600x600/3675959_lfGy437N6vxDncgeYGPZfetokblyT3r7aU0CXfD0GKY.jpg
271,272,Taman Budaya Jawa Barat,https://i.ytimg.com/vi/BY1Zh2VwfJA/maxresdefault.jpg
272,273,Curug Bugbrug,https://i.pinimg.com/736x/62/6d/2d/626d2d84b92d09ea104e14a54c3ba664.jpg
273,274,Babakan Siliwangi City Forest Path Bandung,https://asset.kompas.com/crops/Mc2_V8HYKY0nLH7l6we-OQgT8iU=/100x67:900x600/750x500/data/photo/2022/06/09/62a20aa88d5f5.jpg
274,275,Curug Cipanas,https://static.promediateknologi.id/crop/0x0:0x0/750x500/webp/photo/p1/100/2023/10/03/IMG-20230930-WA0003-2-2320171640.jpg
275,276,Taman Jomblo,https://newslampungterkini.com/wp-content/uploads/2020/07/TAMAN-JOMBLO.jpg
276,277,Peta Park,"https://london.bridestory.com/images/c_fill,dpr_1.0,f_auto,fl_progressive,pg_1,q_80,w_680/v1/assets/img_3290-R9e6OCMHB/valentine-wedding-decoration_ivan-tiffany-wedding-decoration_3.jpg"
277,278,Masjid Daarut Tauhiid Bandung,https://lookaside.fbsbx.com/lookaside/crawler/media/?media_id=482668390745926
278,279,Masjid Agung Trans Studio Bandung,https://media-cdn.tripadvisor.com/media/photo-s/15/f4/d1/34/scholar.jpg
279,280,Gereja Tiberias Indonesia Bandung,https://upload.wikimedia.org/wikipedia/commons/thumb/6/6c/Gereja_Tiberias_Indonesia_Boulevard_Utara_Jakarta.jpg/800px-Gereja_Tiberias_Indonesia_Boulevard_Utara_Jakarta.jpg
280,281,Tektona Waterpark,https://kampungbatu.co.id/wp-content/uploads/2017/02/tektona2-300x200_c.jpg
281,282,Curug Cilengkrang,https://live.staticflickr.com/6050/6265992849_1b9b2b1814_n.jpg
282,283,Jembatan Pasupati,https://upload.wikimedia.org/wikipedia/commons/thumb/9/9d/Bandung_pasopati.jpg/800px-Bandung_pasopati.jpg
283,284,Pasar Baru,https://upload.wikimedia.org/wikipedia/commons/thumb/4/41/Pasar_Baru_Jalan_Pos_6.JPG/1200px-Pasar_Baru_Jalan_Pos_6.JPG
284,285,Taman Sejarah Bandung,https://tourbandung.id/wp-content/uploads/2019/05/Belajar-Sejarah-Di-Taman-Sejarah-Bandung.jpg
285,286,Roemah Seni Sarasvati,https://s.yimg.com/ny/api/res/1.2/QNXY4fONXPy5otW08lc8.g--/YXBwaWQ9aGlnaGxhbmRlcjt3PTY0MDtoPTQyNg--/https://media.zenfs.com/en_SG/News/jackposttravel/cfj684wh2lw8g0sc88sc0o4gs.jpg
286,287,Puspa Iptek Sundial,https://dynamic-media-cdn.tripadvisor.com/media/photo-o/0f/33/0d/ae/diorama.jpg?w=1200&h=1200&s=1
287,288,Masjid Salman ITB,https://upload.wikimedia.org/wikipedia/id/4/4f/Masjid_Salman_ITB.jpg
288,289,Curug Aseupan,https://lookaside.instagram.com/seo/google_widget/crawler/?media_id=3031222847984886626
289,290,Museum Pendidikan Nasional,https://museum.kemdikbud.go.id/storage//assets/images/museums/114/2022-10-04_5795.jpg
290,291,Water Park Bandung Indah,https://live.staticflickr.com/4005/4613766404_67c5b16e89_n.jpg
291,292,Curug Anom,https://tourbandung.id/wp-content/uploads/2019/05/Curug-Anom-Natural-Hill-Cisarua-1030x541.jpg
292,293,Taman Badak,https://awsimages.detik.net.id/community/media/visual/2023/03/15/patung-badak-di-taman-balai-kota-bandung-3_169.jpeg?w=600&q=90
293,294,Taman Film,https://o-cdn-cas.sirclocdn.com/parenting/images/taman-film_F2vms2M.width-800.format-webp.webp
294,295,Museum Nike Ardilla,https://micms.mediaindonesia.com/storage/app/media/FOTO/SASTRO/30%20OKT/Photo%20Resizer%202021_10_29_10_39_30.jpg
295,296,Batununggal Indah Club,https://ayola-events-media.s3.ap-southeast-1.amazonaws.com/experiences/15/experience.jpg
296,297,Mountain View Golf Club,https://www.mountainviewatlaquinta.com/images/dynamic/getImage.gif?ID=100008462
297,298,Gunung Lalakon,https://rakyatempatlawang.disway.id/upload/db39fcc8f90d53d6a12c1fbcbd95bb50.jpg
298,299,Sendang Geulis Kahuripan,https://www.rumah123.com/seo-cms/assets/cerita_dan_misteri_sendang_geulis_kahuripan_1f37d1b78c/cerita_dan_misteri_sendang_geulis_kahuripan_1f37d1b78c.jpg
299,300,Sanghyang Heuleut,https://upload.wikimedia.org/wikipedia/commons/thumb/7/74/Sanghyang_Heuleut_Lake_Is_Hidden_Paradise_at_West_Java.jpg/2560px-Sanghyang_Heuleut_Lake_Is_Hidden_Paradise_at_West_Java.jpg
300,301,Lereng Anteng Panoramic Coffee Place,https://tourbandung.id/wp-content/uploads/2019/05/Wisata-Lereng-Anteng-Panoramic-Coffee-Place-1030x541.jpg
301,302,Masjid Pusdai,https://awsimages.detik.net.id/community/media/visual/2023/03/23/suasana-di-masjid-pusdai-jawa-barat-jalan-diponegoro-bandung_169.jpeg?w=1200
302,303,Masjid Al-Imtizaj,https://upload.wikimedia.org/wikipedia/commons/f/f9/Masjid_Al-Imtizaj_2.jpg
303,304,Situ Cileunca,https://cf.bstatic.com/xdata/images/hotel/max1024x768/530712658.jpg?k=5fbef1b50b1457edd752ebf1be9cd63bb05d68e62f3aa49d0bd478c316a2fe18&o=&hp=1
304,305,Sunrise Point Cukul,https://asset.kompas.com/crops/nG2HXjKEC1s4eEeJNAM3m2W9X0E=/0x23:700x373/750x500/data/photo/2020/09/07/5f5581f1e138a.jpg
305,306,Sungai Palayangan,https://asset.kompas.com/crops/GZbqqUXgTsRPI16Jev0iXUbWwP8=/216x0:1080x576/750x500/data/photo/2021/10/29/617be59614ef3.jpg
306,307,Perkebunan Teh Malabar,https://i.pinimg.com/originals/f7/48/dd/f748dd0f5cfa006e6c856d808a492ea8.jpg
307,308,Pemandian Air Panas Ciater,https://thumb.viva.co.id/media/frontend/thumbs3/2016/12/27/5861da904d665-wisata-pemandian-air-panas-ciater-untuk-rekreasi-bersama-keluarga_1265_711.jpg
308,309,Observatorium Bosscha,https://upload.wikimedia.org/wikipedia/commons/thumb/7/7f/Bosscha_001.JPG/1200px-Bosscha_001.JPG
309,310,Taman Bunga Cihideung,https://marjayatrans.com/wp-content/uploads/2020/10/taman-bunga-cihideung.jpg
310,311,The Lodge Maribaya,https://media-cdn.tripadvisor.com/media/photo-s/0d/20/57/95/the-pines-cafeteria-the.jpg
311,312,Taman Hutan Raya Ir. H. Juanda,https://upload.wikimedia.org/wikipedia/commons/0/07/Taman_Hutan_Raya_IR_Djuanda.jpg
312,313,Taman Begonia,https://live.staticflickr.com/8578/15196931633_e28ee5670a_b.jpg
313,314,Tafso Barn,https://www.lembang.indonesia-tourism.com/images/tafso_barn.jpg
314,315,Curug Luhur Waterfall,https://images.locationscout.net/2019/04/curug-luhur-cianjur-indonesia-b1d9.jpg?h=1100&q=83
315,316,Curug Malela,https://www.blibli.com/friends-backend/wp-content/uploads/2023/08/B800141-Cover-Wisata-Curug-Malela.jpg
316,317,Curug Cimahi,https://dynamic-media-cdn.tripadvisor.com/media/photo-o/12/33/b5/d7/p-20180218-153409-largejpg.jpg?w=1200&h=1200&s=1
317,318,Situ Patenggang,https://dynamic-media-cdn.tripadvisor.com/media/photo-o/09/49/33/3b/beautiful-place-to-rest.jpg?w=1200&h=-1&s=1
318,319,Kawah Rengganis Cibuni,https://as1.ftcdn.net/v2/jpg/01/70/80/10/1000_F_170801013_AbhUx82zAMmI96EH5cnMPKjFdg4rdyFe.jpg
319,320,Pemandian Air Panas Cimanggu,https://tourbandung.id/wp-content/uploads/2018/11/30.-Pemandian-Air-Panas-Cimanggu-Bandung.jpg
320,321,Glamping Lakeside Rancabali,https://dynamic-media-cdn.tripadvisor.com/media/photo-o/0f/f5/2f/88/lakeside-glamping-resort.jpg?w=700&h=-1&s=1
321,322,Bukit Jamur,https://thumbs.dreamstime.com/z/beautiful-wood-bridge-scene-bukit-jamur-rancabolang-ciwidey-west-java-indonesia-wood-bridge-bukit-jamur-rancabolang-ciwidey-143869824.jpg
322,323,Kebun Tanaman Obat Sari Alam,https://media.licdn.com/dms/image/C4E12AQEOEhJDm37svQ/article-cover_image-shrink_600_2000/0/1535007167587?e=2147483647&v=beta&t=Ee3zsyTqGed8li832wqBNOAjot3GTsLAQvI_oQgAbCI
323,324,Happyfarm Ciwidey,https://lookaside.instagram.com/seo/google_widget/crawler/?media_id=2998564020086589498
324,325,Saung Angklung Mang Udjo,https://www.indonesia.travel/content/dam/indtravelrevamp/en/destinations/java/west-java/bandung/saung-mang-udjo/thumbnail-udjo.jpg
325,326,Taman Kupu-Kupu Cihanjuang,https://lookaside.fbsbx.com/lookaside/crawler/media/?media_id=128650083863395
326,327,Taman Miniatur Kereta Api,https://i.ytimg.com/vi/cqhgvrSVCLo/maxresdefault.jpg
327,328,Gua Pawon,https://upload.wikimedia.org/wikipedia/commons/f/f4/Gua_Karst_Batang_Alai_Selatan_Meratus.jpg
328,329,Bukit Gantole Cililin,https://lookaside.instagram.com/seo/google_widget/crawler/?media_id=2519437271383407028
329,330,Bandros City Tour,https://upload.wikimedia.org/wikipedia/commons/thumb/2/2b/Perjalanan_Bus_Bandros.jpg/800px-Perjalanan_Bus_Bandros.jpg
330,331,Kyotoku Floating Market,https://cdn-image.hipwee.com/wp-content/uploads/2018/01/hipwee-Perahu-dengan-lampion-image-source.jpg
331,332,Rainbow Garden,https://images.squarespace-cdn.com/content/v1/54fbb611e4b0d7c1e151d22a/1623454287664-DO8BE28OLQU42SGF8XON/Pecorama-rainbow-garden-UK.jpg
332,333,Kota Mini,https://o-cdn-cas.sirclocdn.com/parenting/images/kota-mini-lembang.width-800.format-webp.webp
333,334,Chingu Cafe Little Seoul,https://ak-d.tripcdn.com/images/1i61n22346ct132swA151_R_600_400_R5_Q90.jpg?proc=source/trip
334,335,Candi Gedong Songo,https://upload.wikimedia.org/wikipedia/commons/a/af/Gedong_songo.jpg
335,336,Grand Maerakaca,https://thumbs.dreamstime.com/z/semarang-indonesia-december-th-mangrove-forest-grand-maerakaca-scenic-tourists-enjoying-recreation-boat-205243780.jpg
336,337,Kampung Pelangi,"https://images.rove.me/w_1920,q_85/g5xhqxzqe217wrxsw8n9/java-rainbow-village-kampung-pelangi.jpg"
337,338,Lawang Sewu,https://upload.wikimedia.org/wikipedia/commons/thumb/e/e8/Lawang_sewu_semarang.jpg/800px-Lawang_sewu_semarang.jpg
338,339,Sam Poo Kong Temple,https://upload.wikimedia.org/wikipedia/commons/thumb/8/81/Sam_Po_Kong_Temple_Semarang_Indonesia.jpg/800px-Sam_Po_Kong_Temple_Semarang_Indonesia.jpg
339,340,Desa Wisata Lembah Kalipancur,https://mangunharjotembalang.semarangkota.go.id/medias/article/big/698/semarangpemkot-39486038-2646186112273446-2383039565981024256-n.jpg
340,341,Hutan Wisata Tinjomoyo Semarang,https://bob.kemenparekraf.go.id/wp-content/uploads/2021/05/131125ahutan.jpg
341,342,Taman Kasmaran,https://asset-2.tstatic.net/tribunnews/foto/images/preview/taman-kasmaran-spot-selfie-baru-di-kota-semarang_20180204_205213.jpg
342,343,Pantai Baruna,https://cdn.wisata.app/diary/33c3204b-d770-450a-ab17-d66dabc1a5d4_xs.jpg
343,344,Pantai Marina,https://www.lampungselatankab.go.id/web/wp-content/uploads/2022/11/IMG-20220708-WA0000-824x1024-1.jpg
344,345,Kampoeng Djadhoel Semarang,https://cdn.antaranews.com/cache/1200x800/2019/12/12/kampung-jadul.jpg
345,346,Indonesia Kaya Park,https://thumbs.dreamstime.com/z/pandawa-lima-puppet-statue-installed-indonesia-kaya-park-semarang-city-october-258671133.jpg
346,347,Taman Pandanaran,https://awsimages.detik.net.id/community/media/visual/2016/03/18/c694cfbe-1796-49a5-895e-310a4ba20d5d.jpg?w=1024
347,348,Pura Giri Natha,https://visitjawatengah.jatengprov.go.id/assets/images/2c6f1e91-6899-43de-9f9c-78fa9d21c42f.jpg
348,349,Wisata Mangrove Tapak,https://kectugu.semarangkota.go.id/medias/article/big/90/2017-11-20.jpg
349,350,Pantai Cipta,https://www.tiktok.com/api/img/?itemId=7278199751336578310&location=0&aid=1988
350,351,Old City 3D Trick Art Museum,https://media-cdn.tripadvisor.com/media/photo-s/0d/19/d0/2f/salah-satu-back-ground.jpg
351,352,GPIB Immanuel Semarang (Gereja Blenduk),https://upload.wikimedia.org/wikipedia/commons/6/6e/Exterior_of_Blenduk_Church%2C_Semarang%2C_2014-06-18.jpg
352,353,Taman Srigunting,https://www.researchgate.net/publication/363358340/figure/fig5/AS:11431281096054668@1668075408869/Community-activities-in-Taman-Srigunting-Site-plan-by-Fx-Denny-Pradana-2021-Landscape.jpg
353,354,Semarang Contemporary Art Gallery,https://lh5.googleusercontent.com/p/AF1QipMkNGZXnsmkXBL2QkinIivGAdtbuXQJwo0wt54-=s296-w296-h168-n-k-no-v1
354,355,Umbul Sidomukti,https://media-cdn.tripadvisor.com/media/photo-s/0c/12/2e/1c/kamar-ini-bisa-ditempati.jpg
355,356,Saloka Theme Park,https://dynamic-media-cdn.tripadvisor.com/media/photo-o/18/81/38/b5/saloka-memiliki-25-wahana.jpg?w=1200&h=-1&s=1
356,357,Wisata Alam Wana Wisata Penggaron,https://ungarantimur.semarangkab.go.id/wp-content/uploads/2021/01/penggaron2.jpg
357,358,Masjid Kapal Semarang,https://genpijateng.com/wp-content/uploads/2023/03/Masjid-Kapal-Semarang-2.jpg
358,359,Taman Bunga Celosia,https://asset.kompas.com/crops/zOSein7FsVoqbQA7Cxq93couw8A=/106x0:1118x675/750x500/data/photo/2022/05/29/62936bf260742.jpg
359,360,Air Terjun Kali Pancur,https://bob.kemenparekraf.go.id/wp-content/uploads/2021/05/62393932_323041758598881_3243645117614961263_n.jpg
360,361,Wisata Kampung Krisan Clapar,https://asset.kompas.com/crop/0x25:1000x692/750x500/data/photo/2017/10/22/177046547.jpg
361,362,Danau Rawa Pening,https://media-cdn.tripadvisor.com/media/photo-s/0e/10/45/73/danau-rawa-pening-adalah.jpg
362,363,Pantai Maron,https://asset-2.tstatic.net/jateng/foto/bank/images/pantai-maron-yang-menawarkan-pamandangan-lepas-pantai-rabu-10012018_20180110_120703.jpg
363,364,Water Blaster Bukit Candi Golf,http://profile.perpus.jatengprov.go.id/asset/kcfinder/upload/files/Waterpark-Graha-Candi-Golf.jpg
364,365,Waduk Jatibarang,https://awsimages.detik.net.id/customthumb/2015/05/12/4/130214_wadukjatibarangpu.jpg?w=600&q=90
365,366,Tirto Argo Siwarak,https://dynamic-media-cdn.tripadvisor.com/media/photo-o/10/dc/d0/5c/img-20170925-064720-largejpg.jpg?w=1200&h=-1&s=1
366,367,Wisata Lereng Kelir,https://humas.jatengprov.go.id/foto/1568258900967-k3_detail.png
367,368,Kampoeng Rawa,https://bob.kemenparekraf.go.id/wp-content/uploads/2021/05/152800600_776958219602811_3879698405514446395_n.jpg
368,369,Monumen Palagan Ambarawa,https://live.staticflickr.com/4004/4447677996_c5a1c34cc0_b.jpg
369,370,Benteng Pendem,https://upload.wikimedia.org/wikipedia/commons/0/0d/Tunnel_entrance%2C_Benteng_Pendem%2C_Cilacap_2015-03-21.jpg
370,371,Wisata Eling Bening,https://i.ytimg.com/vi/CEW-7k0KV44/maxresdefault.jpg
371,372,Gua Maria Kerep Ambarawa,https://media-cdn.tripadvisor.com/media/photo-s/0c/ef/8c/48/hijaunya-taman-yang-ada.jpg
372,373,Museum Kereta Ambarawa,https://upload.wikimedia.org/wikipedia/commons/0/01/%22%2Barya%2B%22_stasiun_ambarawa_museum_2023_0.jpg
373,374,Hutan Pinus Kayon,https://bob.kemenparekraf.go.id/wp-content/uploads/2021/05/81425015_1082210865451841_5105774833399756391_n.jpg
374,375,Kota Lama Semarang,https://www.researchgate.net/publication/348548046/figure/fig3/AS:980603784663043@1610805569794/Field-Survey-Routes-on-Kota-Lama-Semarang-Map-BPK2L-Semarang.png
375,376,Semarang Chinatown,https://c8.alamy.com/comp/WP3922/gate-the-the-semarang-chinatown-central-java-indonesia-WP3922.jpg
376,377,La Kana Chapel,https://media-cdn.tripadvisor.com/media/photo-s/0a/71/8a/98/la-kana-chapel-royal.jpg
377,378,Jembatan Biru Ambarawa,https://c8.alamy.com/comp/W4MPA3/rawa-pening-lake-central-java-indonesia-W4MPA3.jpg
378,379,Goa Rong,https://images.solopos.com/2021/06/Goa-Rong.jpg
379,380,Masjid Agung Ungaran,https://fastly.4sqi.net/img/general/600x600/4470221_LxNbqbj6W9Ba0HhvWOwA6fJHRGrk_QFWkYlb6H1_AME.jpg
380,381,Tugu Muda Semarang,https://images-wixmp-ed30a86b8c4ca887773594c2.wixmp.com/f/1d1f9299-6eaf-4aff-a0bc-bb38d054a778/dnm61z-619fb7c5-d758-4a48-b34c-fddb1ff13106.jpg?token=eyJ0eXAiOiJKV1QiLCJhbGciOiJIUzI1NiJ9.eyJzdWIiOiJ1cm46YXBwOjdlMGQxODg5ODIyNjQzNzNhNWYwZDQxNWVhMGQyNmUwIiwiaXNzIjoidXJuOmFwcDo3ZTBkMTg4OTgyMjY0MzczYTVmMGQ0MTVlYTBkMjZlMCIsIm9iaiI6W1t7InBhdGgiOiJcL2ZcLzFkMWY5Mjk5LTZlYWYtNGFmZi1hMGJjLWJiMzhkMDU0YTc3OFwvZG5tNjF6LTYxOWZiN2M1LWQ3NTgtNGE0OC1iMzRjLWZkZGIxZmYxMzEwNi5qcGcifV1dLCJhdWQiOlsidXJuOnNlcnZpY2U6ZmlsZS5kb3dubG9hZCJdfQ.wTCNq0C7LVv_FVerQS-Thrnb0InVTIDUr05TKTEgQhg
381,382,Kampoeng Kopi Banaran,https://media-cdn.tripadvisor.com/media/photo-s/09/da/f7/dd/img-20151224-102625-largejpg.jpg
382,383,Taman Tabanas,https://halosemarang.id/wp-content/uploads/2022/12/0da0a344-3752-4707-a082-342d1312cbd4.jpg
383,384,Kampung Tematik Jawi,https://cdn-assetd.kompas.id/xFpzqvXdeoqJjwu-W_I9bOwSxFk=/1024x683/https%3A%2F%2Fasset.kgnewsroom.com%2Fphoto%2Fpre%2F2022%2F04%2F26%2Fd55aa977-4baa-4c20-b3cf-61526f1895ce_jpg.jpg
384,385,Kampung Batik Gedong Semarang,https://fastly.4sqi.net/img/general/600x600/24090386_1VQ0ARJm0ChyxGb4faq_K4Vq0NkVa24LAEngifkT0nY.jpg
385,386,Air Terjun Semirang,https://bob.kemenparekraf.go.id/wp-content/uploads/2021/05/Air-Terjun-Semirang-Ungaran-Di-Semarang.jpg
386,387,Obyek Wisata Goa Kreo,https://cdn.idntimes.com/content-images/post/20230208/2019-02-18-0b09e45cdd55e009432899ae8ed2ff31_600x400.jpg
387,388,Watu Gunung Ungaran,https://cdn.wisata.app/diary/2bb5afe7-749f-4732-a452-3fa2523c239b_xs.jpg
388,389,Brown Canyon,https://www.fs.usda.gov/Internet/FSE_MEDIA/fseprd1058746.jpg
389,390,Durian Gardens and Tourism Education Watu Simbar,https://infomudik.semarangkota.go.id/uploads/data_lokasi/20220428083907-2022-04-28data_lokasi083904.png
390,391,Flower Farm Setiya Aji,https://lookaside.fbsbx.com/lookaside/crawler/media/?media_id=785823774951863
391,392,Ekowisata Mangrove Wonorejo,https://dynamic-media-cdn.tripadvisor.com/media/photo-o/2a/4d/3b/1d/caption.jpg?w=1200&h=900&s=1
392,393,Taman Harmoni Keputih,https://media-cdn.tripadvisor.com/media/photo-s/14/f6/20/00/taman-harmoni-bersebelahan.jpg
393,394,Air Mancur Menari,https://awsimages.detik.net.id/community/media/visual/2022/01/23/pemkot-uji-coba-jembatan-suroboyo-dilengkapi-air-mancur-menari-7_169.jpeg?w=1200
394,395,Taman Prestasi,https://cdn.idntimes.com/content-images/community/2022/01/20220108-093142-compress1-28598b7784be39d2a0e7a69c686d02c1-3a1288cdfb6f4e30e642ac8666885071_600x400.jpg
395,396,Monumen Kapal Selam,https://www.researchgate.net/publication/363775551/figure/fig2/AS:11431281122885133@1677584760913/The-neighbouring-landscape-of-Monumen-Kapal-Selam-in-Surabaya.jpg
396,397,Taman Kunang-Kunang,https://dynamic-media-cdn.tripadvisor.com/media/photo-o/08/eb/b2/d4/taman-kunang-kunang.jpg?w=600&h=500&s=1
397,398,Taman Buah Surabaya,https://live.staticflickr.com/3382/4573124561_6904dfdbf5_z.jpg
398,399,Taman Pelangi,https://dynamic-media-cdn.tripadvisor.com/media/photo-o/0d/99/99/ed/taman-pelangi.jpg?w=1200&h=1200&s=1
399,400,Hutan Bambu Keputih,https://media-cdn.tripadvisor.com/media/photo-s/14/f6/20/00/taman-harmoni-bersebelahan.jpg
400,401,Taman Keputran,https://lookaside.fbsbx.com/lookaside/crawler/media/?media_id=1045542402486836
401,402,Food Junction Grand Pakuwon,https://cdn.wisata.app/diary/54742366-68da-486c-9865-51c21f9694af.jpg
402,403,Taman Barunawati,https://lh7-us.googleusercontent.com/7aAa54rdyIrdm7cNbyUnzpQW36k6ZGZaEC8R-sRsnTMQNvgT_TenaPtOhMm17Q8aLEzvlQnXQG74MYs5ZKXPFVEUqYSE687ngRdPRkegCV5Ul4K04yigFhGiUdl5Thnurh76HfKnzDuUixR1fHlxjNc
403,404,Kenjeran Park,https://dynamic-media-cdn.tripadvisor.com/media/photo-o/16/0c/6d/c4/gerbang.jpg?w=1200&h=-1&s=1
404,405,Surabaya North Quay,https://upload.wikimedia.org/wikipedia/commons/thumb/a/a7/Surabaya_North_Quay_-_Tanjung_Perak_at_Night.jpg/1280px-Surabaya_North_Quay_-_Tanjung_Perak_at_Night.jpg
405,406,Kebun Bibit Wonorejo,https://sewabussurabaya.com/wp-content/uploads/2020/02/Mari-Berekreasi-dan-Belajar-Bersama-Keluarga-di-Kebun-Bibit-Wonorejo.jpg
406,407,Taman Ekspresi Dan Perpustakaan,https://static.republika.co.id/uploads/images/detailnews/150412142719-906.jpg
407,408,Kebun Binatang Surabaya,https://www.surabayazoo.co.id/dist/img/lontong.jpg
408,409,Rumah Batik,https://dynamic-media-cdn.tripadvisor.com/media/photo-o/09/1f/98/af/rumah-batik.jpg?w=1200&h=1200&s=1
409,410,Ciputra Waterpark,https://lh5.googleusercontent.com/p/AF1QipOLhZaklVpv_GtfJNBo1nZvXIn9QQkN1_xThEt-=s296-w296-h168-n-k-no-v1
410,411,Masjid Muhammad Cheng Hoo,https://dynamic-media-cdn.tripadvisor.com/media/photo-o/13/93/57/c2/masjid-cheng-ho.jpg?w=1200&h=1200&s=1
411,412,Masjid Nasional Al-Akbar,https://upload.wikimedia.org/wikipedia/en/thumb/9/95/Masjid_Nasional_Al-Akbar_Surabaya_2016.jpg/1200px-Masjid_Nasional_Al-Akbar_Surabaya_2016.jpg
412,413,Museum TNI AL Loka Jala Crana,https://aal.ac.id/assets/filemanager/museum/Poster_Museum_Web.jpg
413,414,Jembatan Merah,https://upload.wikimedia.org/wikipedia/commons/thumb/5/5f/Jembatan_Merah_Surabaya.JPG/1200px-Jembatan_Merah_Surabaya.JPG
414,415,Museum De Javasche Bank,https://upload.wikimedia.org/wikipedia/commons/thumb/e/e9/De_Javasche_Bank_-_Bank_Indonesia_Museum_Surabaya_2018-11-25.jpg/800px-De_Javasche_Bank_-_Bank_Indonesia_Museum_Surabaya_2018-11-25.jpg
415,416,Keraton Surabaya,https://i.ytimg.com/vi/ROHLKQdN0ro/maxresdefault.jpg
416,417,Klenteng Sanggar Agung,https://upload.wikimedia.org/wikipedia/commons/thumb/0/0b/Guan_She_Yin_statue_of_Sanggar_Agung_Temple%2C_Surabaya-Indonesia.jpg/300px-Guan_She_Yin_statue_of_Sanggar_Agung_Temple%2C_Surabaya-Indonesia.jpg
417,418,Museum Sepuluh Nopember Kota Surabaya,https://sewabussurabaya.com/wp-content/uploads/2020/02/Belajar-Sejarah-dari-Para-Pahlawan-di-Museum-Sepuluh-November.jpg
418,419,Monumen Tugu Pahlawan,https://tiketwisata.surabaya.go.id/storage/tour/monumen-tugu-pahlawan_1680340884.jpeg
419,420,Surabaya Museum (Gedung Siola),https://uisi-masterpiece.sgp1.digitaloceanspaces.com/karya/2f2XOwOWqvmBdCqNT3fJP4QoTsaN7irrijX6w7V9.jpeg
420,421,Museum Kesehatan Dr. Adhyatma,https://media-cdn.tripadvisor.com/media/photo-s/0c/4c/94/a3/pemotong-tali-pusar-tradisiona.jpg
421,422,Monumen Jalesveva Jayamahe,https://dynamic-media-cdn.tripadvisor.com/media/photo-o/0a/56/10/2f/saya-mengambil-foto-ini.jpg?w=1200&h=-1&s=1
422,423,Patung Sura dan Buaya,https://upload.wikimedia.org/wikipedia/commons/thumb/c/c8/Sura_dan_Baya_statue.jpg/1200px-Sura_dan_Baya_statue.jpg
423,424,Pantai Ria Kenjeran,https://i.pinimg.com/736x/a2/44/ec/a244ecaa3781bce4c088e3f92dd17536.jpg
424,425,Waterpark Kenjeran Surabaya,https://pict-a.sindonews.net/dyn/850/pena/news/2022/05/07/704/763005/seluncuran-kolam-renang-waterpark-kenjeran-surabaya-roboh-pengunjung-jadi-korban-qej.jpg
425,426,Balai Kota Surabaya,https://upload.wikimedia.org/wikipedia/commons/thumb/c/c2/Balai_kota_surabaya.jpg/640px-Balai_kota_surabaya.jpg
426,427,Patung Buddha Empat Rupa,https://media-cdn.tripadvisor.com/media/photo-s/0b/c0/08/34/buddha-empat-rupa.jpg
427,428,Monumen Bambu Runcing Surabaya,https://dynamic-media-cdn.tripadvisor.com/media/photo-o/15/7a/36/4a/monumen-bambu-runcing.jpg?w=1200&h=1200&s=1
428,429,House of Sampoerna,https://upload.wikimedia.org/wikipedia/commons/thumb/f/f6/House_of_Sampoerna_Mei_2015.jpg/640px-House_of_Sampoerna_Mei_2015.jpg
429,430,Atlantis Land Surabaya,https://dynamic-media-cdn.tripadvisor.com/media/photo-o/15/eb/8a/cf/img-20181227-121902-hdr.jpg?w=1200&h=1200&s=1
430,431,Taman Hiburan Rakyat,https://asset-2.tstatic.net/jatim/foto/bank/images/berita-thr_20180220_153226.jpg
431,432,Taman Mundu,https://fastly.4sqi.net/img/general/600x600/73758707_L-9EiQlPuczoO2Z1WQiO5zgunTh4hbgk1DIpLUZsjjw.jpg
432,433,Museum Mpu Tantular,https://media-cdn.tripadvisor.com/media/photo-s/18/59/b9/f7/museum-mpu-tantular.jpg
433,434,Taman Bungkul,https://media-cdn.tripadvisor.com/media/photo-s/09/45/a1/4a/taman-bungkul.jpg
434,435,Taman Air Mancur Menari Kenjeran,https://sewabussurabaya.com/wp-content/uploads/2020/02/air-mancur-menari.jpg
435,436,Taman Flora Bratang Surabaya,https://asset.kompas.com/crops/hEMZVtliVPty_aHi3GNF96OAK78=/177x70:715x429/750x500/data/photo/2022/12/30/63aef4257a286.png
436,437,Gereja Perawan Maria Tak Berdosa Surabaya,https://media-cdn.tripadvisor.com/media/photo-s/05/42/54/13/gereja-perawan-maria.jpg
